InteractorA,InteractorB,Correlation,t-statistic,p-value
hum_alu_at,AC002115_cds1_at,-0.77464722318787305,-7.3496683965639873,1.1478722619022107e-08
